[
  {
    "name": "Acoustic Guitar Cooky Cutter",
    "width": 43,
    "length": 104,
    "height": 13,
    "filamentLength": [1.25],
    "printTime": 31
  },
  {
    "name": "Stegosaurus Pickholder",
    "width": 79,
    "length": 155,
    "height": 43,
    "filamentLength": [14.68],
    "printTime": 315
  },
  {
    "name": "Collapsing Jian",
    "width": 32,
    "length": 111,
    "height": 199,
    "filamentLength": [50.45],
    "printTime": 1308
  },
  {
    "name": "Fucktopus",
    "width": 56,
    "length": 59,
    "height": 32,
    "filamentLength": [2.86],
    "printTime": 101
  },
  {
    "name": "Moon Lamp",
    "width": 258,
    "length": 258,
    "height": 258,
    "filamentLength": [147.45],
    "printTime": 6841
  },
  {
    "name": "Earth Globe",
    "width": 57,
    "length": 57,
    "height": 57,
    "filamentLength": [9.05, 1.41, 13.95, 0.31],
    "printTime": 770
  },
  {
    "name": "Cathedral",
    "width": 47,
    "length": 60,
    "height": 63,
    "filamentLength": [7.19, 0.97, 0.18, 0.02],
    "printTime": 237
  },

  {
    "name": "Lizard",
    "width": 145,
    "length": 81,
    "height": 23,
    "filamentLength": [3.1, 3.73, 0.15],
    "printTime": 180
  },
  {
    "name": "Tree Frog",
    "width": 36,
    "length": 50,
    "height": 23,
    "filamentLength": [1.86, 0.73],
    "printTime": 62
  }
]
